{"cameraMode":{"drawMode":31,"name":"Sprite Mask","section":"Miscellaneous"},"sceneLighting":false,"audioPlay":false,"sceneViewState":{"showFog":true,"showMaterialUpdate":false,"showSkybox":false,"showFlares":true,"showImageEffects":true,"showParticleSystems":true},"in2DMode":false,"pivot":{"x":11.1419677734375,"y":-9.673221588134766,"z":25.104581832885743},"rotation":{"x":-0.27929916977882388,"y":0.6346482038497925,"z":-0.2644505798816681,"w":-0.6702830195426941},"size":39.569679260253909,"orthographic":false}